{
  "timestamp": "2025-06-22T13:15:55.854464",
  "session_stats": {
    "start_time": 1750578354.272518,
    "episodes_completed": 15,
    "best_height_this_session": 1005.2905627152285,
    "models_saved": 0,
    "errors_encountered": 0,
    "current_batch": 1
  },
  "batch_results": {
    "episodes_completed": 15,
    "max_height": 1005.2905627152285,
    "total_reward": 7014.587454877304,
    "errors": 0,
    "success": true
  },
  "best_height_achieved": 1005.2905627152285
}